Citizens,PostalCode,City
1019022,1000,Bruxelles
1203,1020,Laeken
5000,1030,Schaerbeek
9982,1040,Etterbeek
7597,1050,Ixelles
8660,1060,Saint-Gilles
5329,1070,Anderlecht
9428,1080,Molenbeek-Saint-Jean
9984,1081,Koekelberg
9353,1082,Berchem-Sainte-Agathe
7271,1083,Ganshoren
3670,1090,Jette
1249,1120,Neder-Over-Heembeek
5066,1130,Haren
1938,1140,Evere
5270,1150,Woluwe-Saint-Pierre
3770,1160,Auderghem
3934,1170,Watermael-Boitsfort
6546,1180,Uccle
7409,1190,Forest
9298,1200,Woluwe-Saint-Lambert
9337,1210,Saint-Josse-Ten-Noode
6096,1300,Limal
32112,1300,Wavre
7875,1301,Bierges
7415,1310,La Hulpe
4381,1315,Glimes
9014,1315,Incourt
3088,1315,Opprebais
1020,1315,Piètrebais
7698,1315,Roux-Miroir
9751,1320,Beauvechain
4939,1320,Hamme-Mille
159,1320,L'ecluse
3609,1320,Nodebais
4592,1320,Tourinnes-La-Grosse
5940,1325,Bonlez
10943,1325,Chaumont-Gistoux
1917,1325,Corroy-Le-Grand
6777,1325,Dion-Valmont
9763,1325,Longueville
21616,1330,Rixensart
3541,1331,Rosières
413,1332,Genval
9557,1340,Ottignies
7470,1340,Ottignies-Louvain-La-Neuve
537,1341,Céroux-Mousty
4759,1342,Limelette
29521,1348,Louvain-La-Neuve
5243,1350,Enines
4326,1350,Folx-Les-Caves
1990,1350,Jandrain-Jandrenouille
6316,1350,Jauche
6670,1350,Marilles
671,1350,Noduwez
5617,1350,Orp-Jauche
3662,1350,Orp-Le-Grand
3821,1357,Hélécine
2189,1357,Linsmeau
7603,1357,Neerheylissem
6439,1357,Opheylissem
6603,1360,Malèves-Sainte-Marie-Wastines
5386,1360,Orbais
7340,1360,Perwez
1881,1360,Thorembais-Les-Béguines
6379,1360,Thorembais-Saint-Trond
2096,1367,Autre-Eglise
2874,1367,Bomal
8728,1367,Gérompont
4540,1367,Grand-Rosière-Hottomont
5101,1367,Huppaye
7193,1367,Mont-Saint-André
5964,1367,Ramillies
1695,1370,Dongelberg
2756,1370,Jauchelette
11930,1370,Jodoigne
5055,1370,Jodoigne-Souveraine
5020,1370,Lathuy
6997,1370,Mélin
9412,1370,Piétrain
7986,1370,Saint-Jean-Geest
4170,1370,Saint-Remy-Geest
74,1370,Zétrud-Lumay
2204,1380,Couture-Saint-Germain
3353,1380,Lasne
4014,1380,Lasne-Chapelle-Saint-Lambert
3690,1380,Maransart
443,1380,Ohain
6793,1380,Plancenoit
8510,1390,Archennes
142,1390,Biez
5061,1390,Bossut-Gottechain
12367,1390,Grez-Doiceau
4680,1390,Nethen
846,1400,Monstreux
24149,1400,Nivelles
448,1401,Baulers
5258,1402,Thines
9070,1404,Bornival
29778,1410,Waterloo
37512,1420,Braine-L'alleud
6068,1421,Ophain-Bois-Seigneur-Isaac
5512,1428,Lillois-Witterzée
1890,1430,Bierghes
6961,1430,Quenast
1737,1430,Rebecq
10049,1430,Rebecq-Rognon
9068,1435,Corbais
2115,1435,Hévillers
5319,1435,Mont-Saint-Guibert
9446,1440,Braine-Le-Château
1736,1440,Wauthier-Braine
5211,1450,Chastre
757,1450,Chastre-Villeroux-Blanmont
5888,1450,Cortil-Noirmont
5680,1450,Gentinnes
4192,1450,Saint-Géry
1310,1457,Nil-Saint-Vincent-Saint-Martin
8799,1457,Tourinnes-Saint-Lambert
3335,1457,Walhain
5882,1457,Walhain-Saint-Paul
6319,1460,Ittre
285,1460,Virginal-Samme
4725,1461,Haut-Ittre
8564,1470,Baisy-Thy
3233,1470,Bousval
14266,1470,Genappe
7167,1471,Loupoigne
3551,1472,Vieux-Genappe
3010,1473,Glabais
5657,1474,Ways
2468,1476,Houtain-Le-Val
6634,1480,Clabecq
7403,1480,Oisquercq
6486,1480,Saintes
21859,1480,Tubize
9353,1490,Court-Saint-Etienne
812,1495,Marbais
8980,1495,Mellery
9712,1495,Sart-Dames-Avelines
4446,1495,Tilly
9592,1495,Villers-La-Ville
34479,1500,Halle
990,1501,Buizingen
29,1502,Lembeek
1364,1540,Herfelingen
3989,1540,Herne
8665,1541,Sint-Pieters-Kapelle
9802,1547,Biévène
10272,1560,Hoeilaart
7939,1570,Galmaarden
6365,1570,Tollembeek
9208,1570,Vollezele
8201,1600,Oudenaken
3109,1600,Sint-Laureins-Berchem
30446,1600,Sint-Pieters-Leeuw
9279,1601,Ruisbroek
3721,1602,Vlezenbeek
6008,1620,Drogenbos
3742,1630,Linkebeek
1121,1640,Rhode-Saint-Genèse
23228,1650,Beersel
5281,1651,Lot
6385,1652,Alsemberg
7388,1653,Dworp
3378,1654,Huizingen
8448,1670,Bogaarden
4196,1670,Heikruis
4618,1670,Pepingen
5644,1671,Elingen
9034,1673,Beert
6526,1674,Bellingen
39482,1700,Dilbeek
9856,1700,Sint-Martens-Bodegem
8543,1700,Sint-Ulriks-Kapelle
3534,1701,Itterbeek
7360,1702,Groot-Bijgaarden
7145,1703,Schepdaal
28985,1730,Asse
5228,1730,Bekkerzeel
4590,1730,Kobbegem
8798,1730,Mollem
5513,1731,Relegem
7562,1731,Zellik
14569,1740,Ternat
1084,1741,Wambeek
7592,1742,Sint-Katherina-Lombeek
8334,1745,Mazenzele
12045,1745,Opwijk
4503,1750,Gaasbeek
2806,1750,Lennik
6441,1750,Sint-Kwintens-Lennik
8818,1750,Sint-Martens-Lennik
8957,1755,Gooik
2529,1755,Kester
655,1755,Leerbeek
1954,1755,Oetingen
2972,1760,Onze-Lieve-Vrouw-Lombeek
2897,1760,Pamel
2428,1760,Roosdaal
9796,1760,Strijtem
8979,1761,Borchtlombeek
11980,1770,Liedekerke
14406,1780,Wemmel
7830,1785,Brussegem
22891,1785,Hamme
14660,1785,Merchtem
3962,1790,Affligem
2326,1790,Essene
1775,1790,Hekelgem
4331,1790,Teralfene
2106,1800,Peutie
36955,1800,Vilvoorde
4222,1820,Melsbroek
6778,1820,Perk
10566,1820,Steenokkerzeel
12252,1830,Machelen
746,1831,Diegem
17274,1840,Londerzeel
3672,1840,Malderen
7665,1840,Steenhuffel
33561,1850,Grimbergen
3038,1851,Humbeek
8774,1852,Beigem
5663,1853,Strombeek-Bever
18497,1860,Meise
9900,1861,Wolvertem
8859,1880,Kapelle-Op-Den-Bos
6561,1880,Nieuwenrode
378,1880,Ramsdonk
9557,1910,Berg
7040,1910,Buken
10784,1910,Kampenhout
4070,1910,Nederokkerzeel
6773,1930,Nossegem
28188,1930,Zaventem
6137,1932,Sint-Stevens-Woluwe
9009,1933,Sterrebeek
12815,1950,Kraainem
13245,1970,Wezembeek-Oppem
9542,1980,Eppegem
21096,1980,Zemst
2904,1981,Hofstade
3933,1982,Elewijt
6044,1982,Weerde
459805,2000,Antwerpen
459805,2018,Antwerpen
459805,2020,Antwerpen
459805,2030,Antwerpen
459805,2040,Antwerpen
5186,2040,Berendrecht
6780,2040,Lillo
5655,2040,Zandvliet
459805,2050,Antwerpen
459805,2060,Antwerpen
4910,2070,Burcht
18249,2070,Zwijndrecht
78747,2100,Deurne
8932,2110,Wijnegem
3025,2140,Borgerhout
10334,2150,Borsbeek
11917,2160,Wommelgem
2836,2170,Merksem
4326,2180,Ekeren
25912,2200,Herentals
274,2200,Morkhoven
3326,2200,Noorderwijk
8662,2220,Hallaar
37873,2220,Heist-Op-Den-Berg
5553,2221,Booischot
255,2222,Itegem
7885,2222,Wiekevorst
2356,2223,Schriek
13493,2230,Herselt
758,2230,Ramsel
8842,2235,Houtvenne
9198,2235,Hulshout
5358,2235,Westmeerbeek
934,2240,Massenhoven
5970,2240,Viersel
12306,2240,Zandhoven
1922,2242,Pulderbos
8108,2243,Pulle
11070,2250,Olen
6170,2260,Oevel
8628,2260,Tongerlo
22579,2260,Westerlo
9863,2260,Zoerle-Parwijs
8378,2270,Herenthout
6686,2275,Gierle
15466,2275,Lille
9598,2275,Poederlee
5265,2275,Wechelderzande
10724,2280,Grobbendonk
8424,2288,Bouwel
7238,2290,Vorselaar
39654,2300,Turnhout
10606,2310,Rijkevorsel
18524,2320,Hoogstraten
1977,2321,Meer
5726,2322,Minderhout
8041,2323,Wortel
6485,2328,Meerle
7963,2330,Merksplas
16208,2340,Beerse
4685,2340,Vlimmeren
10317,2350,Vosselaar
12354,2360,Oud-Turnhout
12247,2370,Arendonk
13560,2380,Ravels
9346,2381,Weelde
385,2382,Poppel
4805,2387,Baarle-Hertog
4306,2390,Malle
7034,2390,Oostmalle
9971,2390,Westmalle
32659,2400,Mol
332,2430,Eindhout
6334,2430,Laakdal
1318,2430,Vorst
5312,2431,Varendonk
6894,2431,Veerle
34697,2440,Geel
9346,2450,Meerhout
17765,2460,Kasterlee
8542,2460,Lichtaart
1958,2460,Tielen
10069,2470,Retie
8707,2480,Dessel
19978,2490,Balen
8645,2491,Olmen
384,2500,Koningshooikt
33272,2500,Lier
7390,2520,Broechem
2006,2520,Emblem
9092,2520,Oelegem
17405,2520,Ranst
12145,2530,Boechout
7405,2531,Vremde
7968,2540,Hove
7982,2547,Lint
20290,2550,Kontich
6565,2550,Waarloos
1068,2560,Bevel
10000,2560,Kessel
20792,2560,Nijlen
16011,2570,Duffel
4413,2580,Beerzel
15276,2580,Putte
10370,2590,Berlaar
4180,2590,Gestel
2030,2600,Berchem
837,2610,Wilrijk
9504,2620,Hemiksem
7675,2627,Schelle
14193,2630,Aartselaar
24525,2640,Mortsel
21839,2650,Edegem
34443,2660,Hoboken
77530,2800,Mechelen
3360,2800,Walem
5012,2801,Heffen
7595,2811,Hombeek
7326,2811,Leest
3332,2812,Muizen
14260,2820,Bonheiden
2100,2820,Rijmenam
9960,2830,Blaasveld
7742,2830,Heindonk
9475,2830,Tisselt
22808,2830,Willebroek
7761,2840,Reet
14521,2840,Rumst
3654,2840,Terhagen
8656,2845,Niel
15810,2850,Boom
19487,2860,Sint-Katelijne-Waver
5048,2861,Onze-Lieve-Vrouw-Waver
9528,2870,Breendonk
4987,2870,Liezele
15944,2870,Puurs
9124,2870,Ruisbroek
19997,2880,Bornem
6313,2880,Hingene
574,2880,Mariekerke
3577,2880,Weert
5439,2890,Lippelo
9574,2890,Oppuurs
7653,2890,Sint-Amands
33622,2900,Schoten
16754,2910,Essen
17485,2920,Kalmthout
37040,2930,Brasschaat
9551,2940,Hoevenen
17294,2940,Stabroek
26410,2950,Kapellen
25908,2960,Brecht
2021,2960,Sint-Job-In-'t-Goor
6759,2960,Sint-Lenaarts
7701,2970,'s Gravenwezel
20373,2970,Schilde
34479,2980,Halle
20642,2980,Zoersel
5820,2990,Loenhout
18117,2990,Wuustwezel
92892,3000,Leuven
8557,3001,Heverlee
357,3010,Kessel Lo
3968,3012,Wilsele
6470,3018,Wijgmaal
19218,3020,Herent
2053,3020,Veltem-Beisem
2935,3020,Winksele
9137,3040,Huldenberg
1563,3040,Loonbeek
7218,3040,Neerijse
1319,3040,Ottenburg
8979,3040,Sint-Agatha-Rode
10533,3050,Oud-Heverlee
2325,3051,Sint-Joris-Weert
5600,3052,Blanden
3224,3053,Haasrode
3098,3054,Vaalbeek
9215,3060,Bertem
4050,3060,Korbeek-Dijle
6352,3061,Leefdaal
17774,3070,Kortenberg
9936,3071,Erps-Kwerps
4542,3078,Everberg
895,3078,Meerbeek
7263,3080,Duisburg
20623,3080,Tervuren
2191,3080,Vossem
23486,3090,Overijse
15007,3110,Rotselaar
2282,3111,Wezemaal
171,3118,Werchter
13721,3120,Tremelo
1420,3128,Baal
9178,3130,Begijnendijk
3908,3130,Betekom
12363,3140,Keerbergen
13541,3150,Haacht
6392,3150,Tildonk
3930,3150,Wespelaar
11570,3190,Boortmeerbeek
653,3191,Hever
27656,3200,Aarschot
4996,3200,Gelrode
48,3201,Langdorp
7714,3202,Rillaar
980,3210,Linden
13574,3210,Lubbeek
1092,3211,Binkom
5823,3212,Pellenberg
9094,3220,Holsbeek
3224,3220,Kortrijk-Dutsel
5203,3220,Sint-Pieters-Rode
465,3221,Nieuwrode
4178,3270,Scherpenheuvel
6835,3270,Scherpenheuvel-Zichem
4497,3271,Averbode
569,3271,Zichem
1039,3272,Messelbroek
2305,3272,Testelt
78747,3290,Deurne
22516,3290,Diest
9496,3290,Schaffen
8639,3290,Webbekom
4254,3293,Kaggevinne
5515,3294,Molenstede
9063,3300,Bost
6124,3300,Goetsenhoven
8338,3300,Hakendover
6305,3300,Kumtich
1293,3300,Oorbeek
5971,3300,Oplinter
9519,3300,Sint-Margriete-Houtem
31743,3300,Tienen
7806,3300,Vissenaken
8360,3320,Hoegaarden
3944,3320,Meldert
5212,3321,Outgaarden
3462,3350,Drieslinter
1715,3350,Linter
5020,3350,Melkwezer
6214,3350,Neerhespen
1496,3350,Neerlinter
148,3350,Orsmaal-Gussenhoven
7970,3350,Overhespen
5366,3350,Wommersom
8994,3360,Bierbeek
9877,3360,Korbeek-Lo
7418,3360,Lovenjoel
7,3360,Opvelp
7702,3370,Boutersem
2580,3370,Kerkom
6828,3370,Neervelp
5627,3370,Roosbeek
3479,3370,Vertrijk
4998,3370,Willebringen
9787,3380,Bunsbeek
1465,3380,Glabbeek
26410,3381,Kapellen
2725,3384,Attenrode
4583,3390,Houwaart
2848,3390,Sint-Joris-Winge
19299,3390,Tielt
3148,3390,Tielt-Winge
3971,3391,Meensel-Kiezegem
8057,3400,Eliksem
349,3400,Ezemaal
9441,3400,Laar
14458,3400,Landen
5465,3400,Neerwinden
4037,3400,Overwinden
622,3400,Rumsdorp
9126,3400,Wange
5090,3401,Waasmont
2686,3401,Walsbets
3584,3401,Walshoutem
7495,3401,Wezeren
5046,3404,Attenhoven
3400,3404,Neerlanden
8111,3440,Budingen
1712,3440,Dormaal
9080,3440,Halle-Booienhoven
1665,3440,Helen-Bos
7897,3440,Zoutleeuw
3265,3450,Geetbets
767,3450,Grazen
258,3454,Rummen
7674,3460,Assent
5791,3460,Bekkevoort
4514,3461,Molenbeek-Wersbeek
7374,3470,Kortenaken
3130,3470,Ransberg
6489,3470,Sint-Margriete-Houtem
9279,3471,Hoeleden
3410,3472,Kersbeek-Miskom
9871,3473,Waanrode
69222,3500,Hasselt
5216,3500,Sint-Lambrechts-Herk
2082,3501,Wimmertingen
9818,3510,Kermt
5299,3510,Spalbeek
3382,3511,Kuringen
6877,3511,Stokrooie
7866,3512,Stevoort
19922,3520,Zonhoven
30050,3530,Helchteren
30050,3530,Houthalen
4630,3530,Houthalen-Helchteren
3309,3540,Berbroek
1087,3540,Donk
11566,3540,Herk-De-Stad
1814,3540,Schulen
8548,3545,Halen
8038,3545,Loksbergen
8316,3545,Zelem
31017,3550,Heusden
3582,3550,Heusden-Zolder
9086,3550,Zolder
2858,3560,Linkhout
13689,3560,Lummen
2149,3560,Meldert
10933,3570,Alken
40930,3580,Beringen
9906,3581,Beverlo
4920,3582,Koersel
8971,3583,Paal
17699,3590,Diepenbeek
63666,3600,Genk
5089,3620,Gellik
24771,3620,Lanaken
8453,3620,Neerharen
2727,3620,Veldwezelt
900,3621,Rekem
9792,3630,Eisden
5808,3630,Leut
36251,3630,Maasmechelen
1700,3630,Mechelen-Aan-De-Maas
8922,3630,Meeswijk
6487,3630,Opgrimbie
7871,3630,Vucht
9530,3631,Boorsem
3685,3631,Uikhoven
6736,3640,Kessenich
11946,3640,Kinrooi
6079,3640,Molenbeersel
3392,3640,Ophoven
2718,3650,Dilsen
5449,3650,Dilsen-Stokkem
2651,3650,Elen
4271,3650,Lanklaar
5696,3650,Rotem
995,3650,Stokkem
9452,3660,Opglabbeek
7250,3665,As
309,3668,Niel-Bij-As
6122,3670,Ellikom
5049,3670,Gruitrode
5743,3670,Meeuwen
779,3670,Meeuwen-Gruitrode
9725,3670,Neerglabbeek
1371,3670,Wijshagen
23684,3680,Maaseik
5501,3680,Neeroeteren
1913,3680,Opoeteren
6962,3690,Zutendaal
622,3700,'s Herenelderen
3138,3700,Berg
7650,3700,Diets-Heur
3553,3700,Haren
1193,3700,Henis
2569,3700,Kolmont
1771,3700,Koninksem
6885,3700,Lauw
8752,3700,Mal
2238,3700,Neerrepen
5338,3700,Nerem
4013,3700,Overrepen
5620,3700,Piringen
6454,3700,Riksingen
6939,3700,Rutten
383,3700,Sluizen
29816,3700,Tongeren
7149,3700,Vreren
4470,3700,Widooie
5189,3717,Herstappe
8042,3720,Kortessem
6555,3721,Vliermaalroot
1468,3722,Wintershoven
239,3723,Guigoven
3688,3724,Vliermaal
9265,3730,Hoeselt
6222,3730,Romershoven
7783,3730,Sint-Huibrechts-Hern
8559,3730,Werm
1856,3732,Schalkhoven
9247,3740,Beverst
29622,3740,Bilzen
3364,3740,Eigenbilzen
2094,3740,Grote-Spouwen
3388,3740,Hees
9131,3740,Kleine-Spouwen
1588,3740,Mopertingen
5991,3740,Munsterbilzen
5790,3740,Rijkhoven
6892,3740,Rosmeer
85,3740,Waltwilder
2920,3742,Martenslinde
9406,3746,Hoelbeek
2682,3770,Genoelselderen
7046,3770,Herderen
1485,3770,Kanne
3675,3770,Membruggen
5265,3770,Millen
15809,3770,Riemst
9744,3770,Val-Meer
210,3770,Vlijtingen
5488,3770,Vroenhoven
8996,3770,Zichen-Zussen-Bolder
1438,3790,Fouron-Saint-Martin
7855,3790,Fourons
1051,3790,Mouland
2827,3791,Remersdaal
1723,3792,Fouron-Saint-Pierre
7750,3793,Teuven
9649,3798,Fouron-Le-Comte
77534,3800,Aalst
6560,3800,Brustem
5891,3800,Engelmanshoven
2198,3800,Gelinden
1288,3800,Groot-Gelmen
9910,3800,Halmaal
5665,3800,Kerkom-Bij-Sint-Truiden
1851,3800,Ordingen
37859,3800,Sint-Truiden
1627,3800,Zepperen
2690,3803,Duras
9797,3803,Gorsem
7347,3803,Runkelen
2332,3803,Wilderen
2924,3806,Velm
8605,3830,Berlingen
6804,3830,Wellen
2707,3831,Herten
7212,3832,Ulbeek
6749,3840,Bommershoven
9955,3840,Borgloon
4984,3840,Broekom
5950,3840,Gors-Opleeuw
9577,3840,Gotem
5446,3840,Groot-Loon
8629,3840,Haren
7142,3840,Hendrieken
7433,3840,Hoepertingen
2404,3840,Jesseren
8367,3840,Kerniel
8821,3840,Kolmont
6960,3840,Kuttekoven
2070,3840,Rijkel
4129,3840,Voort
4271,3850,Binderveld
8216,3850,Kozen
1996,3850,Nieuwerkerken
8802,3850,Wijer
5482,3870,Batsheers
7071,3870,Bovelingen
2184,3870,Heers
3723,3870,Heks
2864,3870,Horpmaal
7819,3870,Klein-Gelmen
9865,3870,Mechelen-Bovelingen
8291,3870,Mettekoven
8437,3870,Opheers
209,3870,Rukkelingen-Loon
1310,3870,Vechmaal
2866,3870,Veulen
3683,3890,Boekhout
7930,3890,Gingelom
4502,3890,Jeuk
2904,3890,Kortijs
4590,3890,Montenaken
1933,3890,Niel-Bij-Sint-Truiden
8539,3890,Vorsen
7283,3891,Borlo
8247,3891,Buvingen
9423,3891,Mielen-Boven-Aalst
5409,3891,Muizen
13344,3900,Overpelt
16122,3910,Neerpelt
3373,3910,Sint-Huibrechts-Lille
31993,3920,Lommel
4886,3930,Achel
8170,3930,Hamont
8498,3930,Hamont-Achel
2110,3940,Hechtel
5355,3940,Hechtel-Eksel
4568,3941,Eksel
4962,3945,Ham
6872,3945,Kwaadmechelen
664,3945,Oostham
12346,3950,Bocholt
3468,3950,Kaulille
8922,3950,Reppel
1199,3960,Beek
14363,3960,Bree
2857,3960,Gerdingen
5113,3960,Opitter
3644,3960,Tongerlo
14149,3970,Leopoldsburg
4591,3971,Heppen
16574,3980,Tessenderlo
7392,3990,Grote-Brogel
8627,3990,Kleine-Brogel
15551,3990,Peer
6755,3990,Wijchmaal
5405,4000,Glain
182597,4000,Liege
7547,4000,Rocourt
9224,4020,Bressoux
3593,4020,Jupille-Sur-Meuse
182597,4020,Liege
9444,4020,Wandre
2695,4030,Grivegnee
897,4031,Angleur
2493,4032,Chênee
36503,4040,Herstal
3303,4041,Milmort
4328,4041,Vottem
3542,4042,Liers
20960,4050,Chaudfontaine
3366,4051,Vaux-Sous-Chèvremont
5816,4052,Beaufays
4495,4053,Embourg
3520,4100,Boncelles
60737,4100,Seraing
7535,4101,Jemeppe-Sur-Meuse
2860,4102,Ougrée
9538,4120,Ehein
7199,4120,Neupré
5385,4120,Rotheux-Rimière
3066,4121,Neuville-En-Condroz
7652,4122,Plainevaux
13497,4130,Esneux
85,4130,Tilff
1282,4140,Dolembreux
341,4140,Gomzé-Andoumont
9539,4140,Rouvreux
12945,4140,Sprimont
3603,4141,Louveigné
6012,4160,Anthisnes
5127,4161,Villers-Aux-Tours
5989,4162,Hody
1136,4163,Tavier
5188,4170,Comblain-Au-Pont
9095,4171,Poulseur
2283,4180,Comblain-Fairon
4795,4180,Comblain-La-Tour
9077,4180,Hamoir
6250,4181,Filot
8147,4190,Ferrières
2600,4190,My
305,4190,Vieuxville
5359,4190,Werbomont
6362,4190,Xhoris
7356,4210,Burdinne
5867,4210,Hannêche
2958,4210,Lamontzée
2237,4210,Marneffe
9205,4210,Oteppe
7081,4217,Héron
126,4217,Lavoir
5338,4217,Waret-L'evêque
9738,4218,Couthuin
8727,4219,Acosse
2964,4219,Ambresin
2604,4219,Meeffe
4506,4219,Wasseiges
791,4250,Boëlhe
990,4250,Geer
1120,4250,Hollogne-Sur-Geer
9573,4250,Lens-Saint-Servais
2483,4252,Omal
3653,4253,Darion
5066,4254,Ligney
5062,4257,Berloz
1247,4257,Corswarem
1511,4260,Avennes
2845,4260,Braives
9509,4260,Ciplet
1997,4260,Fallais
53,4260,Fumal
362,4260,Ville-En-Hesbaye
6899,4261,Latinne
4882,4263,Tourinne
9465,4280,Abolens
5423,4280,Avernas-Le-Bauduin
8678,4280,Avin
4338,4280,Bertrée
7936,4280,Blehen
3873,4280,Cras-Avernas
1191,4280,Crehen
7466,4280,Grand-Hallet
14129,4280,Hannut
2615,4280,Lens-Saint-Remy
3726,4280,Merdorp
2820,4280,Moxhe
127,4280,Petit-Hallet
5453,4280,Poucet
9379,4280,Thisnes
4583,4280,Trognée
7349,4280,Villers-Le-Peuplier
1457,4280,Wansin
2496,4287,Lincent
704,4287,Pellaines
1382,4287,Racour
3032,4300,Bettincourt
8746,4300,Bleret
4959,4300,Bovenistier
8419,4300,Grand-Axhe
3361,4300,Lantremange
7591,4300,Oleye
13737,4300,Waremme
8840,4317,Aineffe
3944,4317,Borlez
364,4317,Celles
1739,4317,Faimes
4599,4317,Les Waleffes
8621,4317,Viemme
8612,4340,Awans
4349,4340,Fooz
1173,4340,Othée
2104,4340,Villers-L'evêque
6566,4342,Hognoul
8093,4347,Fexhe-Le-Haut-Clocher
8142,4347,Freloux
5741,4347,Noville
5422,4347,Roloux
7776,4347,Voroux-Goreux
2215,4350,Lamine
4564,4350,Momalle
9259,4350,Pousset
5815,4350,Remicourt
932,4351,Hodeige
3566,4357,Donceel
5182,4357,Haneffe
6861,4357,Jeneffe
4225,4357,Limont
1437,4360,Bergilers
3939,4360,Grandville
4221,4360,Lens-Sur-Geer
2123,4360,Oreye
2454,4360,Otrange
3697,4367,Crisnée
119,4367,Fize-Le-Marsal
4025,4367,Kemexhe
4796,4367,Odeur
9919,4367,Thys
8766,4400,Awirs
3942,4400,Chokier
6876,4400,Flémalle
9445,4400,Flémalle-Grande
5298,4400,Flémalle-Haute
9051,4400,Ivoz-Ramet
3802,4400,Mons-Lez-Liege
1647,4420,Montegnée
22586,4420,Saint-Nicolas
9427,4420,Tilleur
27297,4430,Ans
8677,4431,Loncin
5787,4432,Alleur
6774,4432,Xhendremael
8354,4450,Juprelle
819,4450,Lantin
2607,4450,Slins
6219,4451,Voroux-Lez-Liers
5237,4452,Paifve
7516,4452,Wihogne
7633,4453,Villers-Saint-Siméon
6639,4458,Fexhe-Slins
5600,4460,Bierset
7188,4460,Grâce-Berleur
133,4460,Grâce-Hollogne
5501,4460,Hollogne-Aux-Pierres
5041,4460,Horion-Hozémont
9311,4460,Velroux
4906,4470,Saint-Georges-Sur-Meuse
9936,4480,Clermont-Sous-Huy
8514,4480,Ehein
9465,4480,Engis
2477,4480,Hermalle-Sous-Huy
627,4500,Ben-Ahin
19973,4500,Huy
3215,4500,Tihange
1568,4520,Antheit
7796,4520,Bas-Oha
8779,4520,Huccorgne
3735,4520,Moha
5224,4520,Vinalmont
12918,4520,Wanze
4459,4530,Fize-Fontaine
8236,4530,Vaux-Et-Borset
2909,4530,Vieux-Waleffe
8527,4530,Villers-Le-Bouillet
4081,4530,Warnant-Dreye
5009,4537,Bodegnée
362,4537,Chapon-Seraing
8881,4537,Seraing-Le-Château
5138,4537,Verlaine
13307,4540,Amay
3510,4540,Ampsin
2566,4540,FlÃ´ne
6229,4540,Jehay
326,4540,Ombret
9962,4550,Nandrin
9773,4550,Saint-Séverin
8606,4550,Villers-Le-Temple
1208,4550,Yernée-Fraineux
61,4557,Abée
6741,4557,Fraiture
7754,4557,Ramelot
4180,4557,Seny
5835,4557,Soheit-Tinlot
1470,4557,Tinlot
5852,4560,Bois-Et-Borsu
6555,4560,Clavier
5794,4560,Les Avins
9126,4560,Ocquier
8126,4560,Pailhe
1622,4560,Terwagne
7810,4570,Marchin
4012,4570,Vyle-Et-Tharoul
5460,4577,Modave
1604,4577,Outrelouxhe
4837,4577,Strée-Lez-Huy
7392,4577,Vierset-Barse
6707,4590,Ellemelle
2853,4590,Ouffet
9365,4590,Warzée
4208,4600,Lanaye
7472,4600,Lixhe
3301,4600,Richelle
3193,4600,Visé
3929,4601,Argenteau
7946,4602,Cheratte
6176,4606,Saint-André
7845,4607,Berneau
397,4607,Bombaye
3112,4607,Dalhem
1411,4607,Feneur
3845,4607,Mortroux
6349,4608,Neufchâteau
2690,4608,Warsage
5631,4610,Bellaire
11608,4610,Beyne-Heusay
5782,4610,Queue-Du-Bois
3128,4620,Fléron
1970,4621,Retinne
7536,4623,Magnée
5611,4624,Romsée
1341,4630,Ayeneux
7401,4630,Micheroux
15237,4630,Soumagne
1292,4630,Tignée
3855,4631,Evegnée
6724,4632,Cérexhe-Heuseux
4781,4633,Melen
1092,4650,Chaineux
9340,4650,Grand-Rechain
16544,4650,Herve
6494,4650,Julémont
8674,4651,Battice
8873,4652,Xhendelesse
3039,4653,Bolland
2931,4654,Charneux
6761,4670,Blégny
7087,4670,Mortier
4792,4670,Trembleur
1684,4671,Barchon
7411,4671,Housse
4283,4671,Saive
9080,4672,Saint-Remy
3948,4680,Hermée
23594,4680,Oupeye
6692,4681,Hermalle-Sous-Argenteau
7162,4682,Heure-Le-Romain
5183,4682,Houtain-Saint-Siméon
8041,4683,Vivegnis
1398,4684,Haccourt
8151,4690,Bassenge
3593,4690,Boirs
2273,4690,Eben-Emael
690,4690,Glons
7230,4690,Roclenge-Sur-Geer
4459,4690,Wonck
18029,4700,Eupen
6532,4701,Kettenis
9959,4710,Lontzen
3425,4711,Walhorn
10232,4720,La Calamine
4120,4721,Neu-Moresnet
6063,4728,Hergenrath
9389,4730,Hauset
9925,4730,Raeren
6090,4731,Eynatten
6544,4750,Butgenbach
8070,4750,Elsenborn
8785,4760,Bullange
6159,4760,Manderfeld
9899,4761,Rocherath
3388,4770,Amblève
4566,4770,Meyerode
5075,4771,Heppenbach
3106,4780,Recht
9135,4780,Saint-Vith
4707,4782,Schoenberg
84,4783,Lommersweiler
1106,4784,Crombach
4517,4790,Burg-Reuland
6700,4790,Reuland
742,4791,Thommen
4318,4800,Ensival
1385,4800,Lambermont
9586,4800,Petit-Rechain
9758,4800,Polleur
52824,4800,Verviers
5355,4801,Stembert
2864,4802,Heusy
13642,4820,Dison
9594,4821,Andrimont
3785,4830,Limbourg
9377,4831,Bilstain
9399,4834,Goé
4041,4837,Baelen
6545,4837,Membach
9006,4840,Welkenraedt
8435,4841,Henri-Chapelle
7688,4845,Jalhay
6825,4845,Sart-Lez-Spa
1822,4850,Montzen
1090,4850,Moresnet
9388,4850,Plombières
7464,4851,Gemmenich
7262,4851,Sippenaeken
6621,4852,Hombourg
9935,4860,Cornesse
9530,4860,Pepinster
3488,4860,Wegnez
9988,4861,Soiron
5947,4870,Forêt
2538,4870,Fraipont
4616,4870,Nessonvaux
7559,4870,Trooz
7828,4877,Olne
2478,4880,Aubel
2640,4890,Clermont
1923,4890,Thimister
2768,4890,Thimister-Clermont
10756,4900,Spa
4854,4910,La Reid
9844,4910,Polleur
11587,4910,Theux
10636,4920,Aywaille
4425,4920,Ernonheid
2616,4920,Harzé
1276,4920,Louveigné
6996,4950,Faymonville
7684,4950,Robertville
438,4950,Sourbrodt
3835,4950,Waimes
8978,4960,Bevercé
11514,4960,Malmedy
5754,4970,Francorchamps
1724,4970,Stavelot
4797,4980,Fosse
8846,4980,Trois-Ponts
4913,4980,Wanne
1035,4983,Basse-Bodeux
7768,4987,Chevron
8168,4987,La Gleize
146,4987,Lorcé
4422,4987,Rahier
7377,4987,Stoumont
5804,4990,Arbrefontaine
4341,4990,Bra
5140,4990,Lierneux
5789,5000,Beez
106284,5000,Namur
7377,5001,Belgrade
9977,5002,Saint-Servais
3132,5003,Saint-Marc
9966,5004,Bouge
4848,5020,Champion
650,5020,Daussoulx
9481,5020,Flawinne
4287,5020,Malonne
3089,5020,Suarlée
2458,5020,Temploux
399,5020,Vedrin
9314,5021,Boninne
4990,5022,Cognelée
981,5024,Gelbressée
9125,5024,Marche-Les-Dames
1243,5030,Beuzet
3358,5030,Ernage
21676,5030,Gembloux
8026,5030,Grand-Manil
567,5030,Lonzée
2169,5030,Sauvenière
5056,5031,Grand-Leez
8425,5032,Bossière
917,5032,Bothey
8133,5032,Corroy-Le-Château
9279,5032,Isnes
6704,5032,Mazy
8650,5060,Arsimont
9616,5060,Auvelais
4151,5060,Falisolle
1906,5060,Keumiée
7925,5060,Moignelée
3879,5060,Sambreville
1906,5060,Tamines
7927,5060,Velaine-Sur-Sambre
4825,5070,Aisemont
9062,5070,Fosses-La-Ville
7721,5070,Le Roux
9531,5070,Sart-Eustache
1633,5070,Sart-Saint-Laurent
3903,5070,Vitrival
4044,5080,Emines
5200,5080,La Bruyère
774,5080,Rhisnes
7935,5080,Villers-Lez-Heest
9389,5080,Warisoulx
7696,5081,Bovesse
279,5081,Meux
4558,5100,Dave
6140,5100,Jambes
7028,5100,Naninne
4199,5100,Wépion
9066,5100,Wierde
6186,5101,Erpent
9439,5101,Lives-Sur-Meuse
2725,5101,Loyers
3517,5140,Boignée
9830,5140,Ligny
7452,5140,Sombreffe
6445,5140,Tongrinne
7480,5150,Floreffe
1433,5150,Floriffoux
7971,5150,Franière
124,5150,Soye
1698,5170,Arbre
4825,5170,Bois-De-Villers
144,5170,Lesve
707,5170,Lustin
11401,5170,Profondeville
5840,5170,Rivière
9355,5190,Balâtre
8375,5190,Ham-Sur-Sambre
269,5190,Jemeppe-Sur-Sambre
3207,5190,Mornimont
6233,5190,Moustier-Sur-Sambre
5871,5190,Onoz
4690,5190,Saint-Martin
4969,5190,Spy
24055,5300,Andenne
7050,5300,Bonneville
901,5300,Coutisse
308,5300,Landenne
6701,5300,Maizeret
951,5300,Namêche
4910,5300,Sclayn
834,5300,Seilles
7385,5300,Thon
4176,5300,Vezin
8618,5310,Aische-En-Refail
7423,5310,Bolinne
4428,5310,Boneffe
5706,5310,Branchon
2522,5310,Dhuy
8789,5310,Eghezée
278,5310,Hanret
5864,5310,Leuze
6011,5310,Liernu
7057,5310,Longchamps
620,5310,Mehaigne
3122,5310,Noville-Sur-Méhaigne
7240,5310,Saint-Germain
1904,5310,Taviers
835,5310,Upigny
2593,5310,Waret-La-Chaussée
6568,5330,Assesse
6510,5330,Maillen
3661,5330,Sart-Bernard
8219,5332,Crupet
7504,5333,Sorinne-La-Longue
8546,5334,Florée
1081,5336,Courrière
9816,5340,Faulx-Les-Tombes
273,5340,Gesves
6175,5340,Haltinne
8843,5340,Mozet
9348,5340,Sorée
5918,5350,Evelette
576,5350,Ohey
1661,5351,Haillot
3281,5353,Goesnes
6660,5354,Jallet
2391,5360,Hamois
1843,5360,Natoye
8215,5361,Mohiville
9766,5361,Scy
1600,5362,Achet
7359,5363,Emptinne
9844,5364,Schaltin
4264,5370,Barvaux-Condroz
2659,5370,Flostoy
5175,5370,Havelange
8823,5370,Jeneffe
9358,5370,Porcheresse
366,5370,Verlée
5432,5372,Méan
1659,5374,Maffe
8846,5376,Miécret
6070,5377,Baillonville
6963,5377,Bonsin
5572,5377,Heure
4187,5377,Hogne
8701,5377,Nettinne
6336,5377,Noiseux
9873,5377,Sinsin
6839,5377,Somme-Leuze
3755,5377,Waillet
3801,5380,Bierwart
2029,5380,Cortil-Wodon
5821,5380,Fernelmont
2526,5380,Forville
6370,5380,Franc-Waret
135,5380,Hemptinne
883,5380,Hingeon
377,5380,Marchovelette
9688,5380,Noville-Les-Bois
1136,5380,Pontillas
995,5380,Tillier
6472,5500,Anseremme
3930,5500,Bouvignes-Sur-Meuse
12875,5500,Dinant
1392,5500,Dréhance
4346,5500,Falmagne
7633,5500,Falmignoul
1457,5500,Furfooz
1575,5501,Lisogne
4605,5502,Thynes
2761,5503,Sorinnes
5063,5504,Foy-Notre-Dame
2423,5520,Anthée
5182,5520,Onhaye
8436,5521,Serville
7388,5522,Falaen
8123,5523,Sommière
189,5523,Weillen
3496,5524,Gerin
2689,5530,Dorinne
1931,5530,Durnal
2281,5530,Evrehailles
3275,5530,Godinne
5141,5530,Houx
7583,5530,Mont
9154,5530,Purnode
1678,5530,Spontin
8169,5530,Yvoir
3254,5537,Anhée
7089,5537,Annevoie-Rouillon
4949,5537,Bioul
7168,5537,Denée
4852,5537,Haut-Le-Wastia
2302,5537,Sosoye
3351,5537,Warnant
1328,5540,Hastière
1096,5540,Hastière-Lavaux
839,5540,Hermeton-Sur-Meuse
7722,5540,Waulsort
9649,5541,Hastière-Par-Delà
8542,5542,Blaimont
3439,5543,Heer
6649,5544,Agimont
8623,5550,Alle
9419,5550,Bagimont
5153,5550,Bohan
3876,5550,Chairière
3589,5550,Laforet
8929,5550,Membre
7607,5550,Mouzaive
4869,5550,Nafraiture
4472,5550,Orchimont
535,5550,Pussemange
3036,5550,Sugny
4925,5550,Vresse-Sur-Semois
1246,5555,Baillamont
8741,5555,Bellefontaine
4745,5555,Bièvre
7397,5555,Cornimont
2103,5555,Graide
6733,5555,Gros-Fays
8813,5555,Monceau-En-Ardenne
1560,5555,Naomé
1861,5555,Oizy
4824,5555,Petit-Fays
275,5560,Ciergnon
4686,5560,Finnevaux
3211,5560,Houyet
8302,5560,Hulsonniaux
513,5560,Mesnil-Eglise
5131,5560,Mesnil-Saint-Blaise
6109,5561,Celles
9688,5562,Custinne
6309,5563,Hour
4020,5564,Wanlin
9113,5570,Baronville
8242,5570,Beauraing
1571,5570,Dion
9009,5570,Felenne
9161,5570,Feschaux
6521,5570,Honnay
8176,5570,Javingue
3706,5570,Vonêche
5665,5570,Wancennes
6348,5570,Winenne
3636,5571,Wiesme
9361,5572,Focant
8999,5573,Martouzin-Neuville
6540,5574,PondrÃ´me
7781,5575,Bourseigne-Neuve
6964,5575,Bourseigne-Vieille
1893,5575,Gedinne
2935,5575,Houdremont
6508,5575,Louette-Saint-Denis
6545,5575,Louette-Saint-Pierre
8859,5575,Malvoisin
7747,5575,Patignies
2149,5575,Rienne
2852,5575,Sart-Custinne
188,5575,Vencimont
3457,5575,Willerzie
5232,5576,Froidfontaine
1914,5580,Ave-Et-Auffe
2758,5580,Buissonville
1961,5580,Eprave
5455,5580,Han-Sur-Lesse
5733,5580,Jemelle
4125,5580,Lessive
4329,5580,Mont-Gauthier
11978,5580,Rochefort
1259,5580,Villers-Sur-Lesse
3625,5580,Wavreille
4328,5590,Achêne
5854,5590,Braibant
8047,5590,Chevetogne
14830,5590,Ciney
4776,5590,Conneux
5344,5590,Haversin
6697,5590,Leignon
3190,5590,Pessoux
4557,5590,Serinchamps
1209,5590,Sovet
1014,5600,Fagnolle
9828,5600,Franchimont
2574,5600,Jamagne
9389,5600,Jamiolle
7964,5600,Merlemont
9712,5600,Neuville
3137,5600,Omezée
8051,5600,Philippeville
2134,5600,Roly
7415,5600,Romedenne
451,5600,Samart
4902,5600,Sart-En-Fagne
2762,5600,Sautour
5702,5600,Surice
3370,5600,Villers-En-Fagne
165,5600,Villers-Le-Gambon
551,5600,Vodecée
6607,5620,Corenne
4466,5620,Flavion
10723,5620,Florennes
110,5620,Hemptinne-Lez-Florennes
5332,5620,Morville
4995,5620,Rosée
4637,5620,Saint-Aubin
7444,5621,Hanzinelle
8598,5621,Hanzinne
625,5621,Morialmé
386,5630,Cerfontaine
3717,5630,Daussois
4127,5630,Senzeille
2142,5630,Silenrieux
4358,5630,Soumoy
8969,5630,Villers-Deux-Eglises
7063,5640,Biesme
1243,5640,Biesmerée
9571,5640,Graux
12014,5640,Mettet
8899,5640,Oret
1900,5640,Saint-Gérard
9497,5641,Furnaux
7702,5644,Ermeton-Sur-Biert
6024,5646,Stave
2846,5650,Castillon
2082,5650,Chastrès
6830,5650,Clermont
287,5650,Fontenelle
1392,5650,Fraire
1160,5650,Pry
9848,5650,Vogenée
17501,5650,Walcourt
5484,5650,Yves-Gomezée
1043,5651,Berzée
723,5651,Gourdinne
1547,5651,Laneffe
4391,5651,Rognée
1441,5651,Somzée
2936,5651,Tarcienne
5265,5651,Thy-Le-Château
9507,5660,Aublain
1927,5660,Boussu-En-Fagne
5923,5660,Brûly
382,5660,Brûly-De-Pesche
13518,5660,Couvin
1470,5660,Cul-Des-Sarts
3717,5660,Dailly
2711,5660,Frasnes
3485,5660,Gonrieux
3618,5660,Mariembourg
3938,5660,Pesche
3434,5660,Petigny
516,5660,Petite-Chapelle
6930,5660,Presgaux
1700,5670,Dourbes
5584,5670,Le Mesnil
2997,5670,Mazée
7088,5670,Nismes
7090,5670,Oignies-En-Thiérache
579,5670,Olloy-Sur-Viroin
8541,5670,Treignes
6462,5670,Vierves-Sur-Viroin
8603,5670,Viroinval
1239,5680,Doische
7688,5680,Gimnée
2745,5680,Gochenée
9798,5680,Matagne-La-Grande
7836,5680,Matagne-La-Petite
3081,5680,Niverlée
3482,5680,Romerée
4412,5680,Soulme
2127,5680,Vaucelles
1965,5680,Vodelée
200132,6000,Charleroi
3310,6001,Marcinelle
9362,6010,Couillet
9374,6020,Dampremy
9092,6030,Goutroux
7437,6030,Marchienne-Au-Pont
4279,6031,Monceau-Sur-Sambre
8048,6032,Mont-Sur-Marchienne
240,6040,Jumet
1103,6041,Gosselies
4889,6042,Lodelinsart
5316,6043,Ransart
1434,6044,Roux
8449,6060,Gilly
6656,6061,Montignies-Sur-Sambre
3212,6110,Montigny-Le-Tilleul
2481,6111,Landelies
9386,6120,Cour-Sur-Heure
8196,6120,Ham-Sur-Heure
1322,6120,Jamioulx
5446,6120,Marbaix
7387,6120,Nalinnes
1212,6140,Fontaine-L'evêque
1898,6141,Forchies-La-Marche
2766,6142,Leernes
11597,6150,Anderlues
29473,6180,Courcelles
3332,6181,Gouy-Lez-Piéton
5713,6182,Souvret
7214,6183,Trazegnies
2930,6200,Bouffioulx
1834,6200,Châtelet
6257,6200,Châtelineau
762,6210,Frasnes-Lez-Gosselies
8632,6210,Les Bons Villers
3366,6210,Rèves
5561,6210,Villers-Perwin
2294,6210,Wayaux
2357,6211,Mellet
22080,6220,Fleurus
4726,6220,Heppignies
4042,6220,Lambusart
1300,6220,Wangenies
5562,6221,Saint-Amand
1771,6222,Brye
5340,6223,Wagnelée
3920,6224,Wanfercée-Baulet
749,6230,Buzet
3877,6230,Obaix
1365,6230,Pont-à-Celles
5149,6230,Thiméon
9256,6230,Viesville
9464,6238,Liberchies
9716,6238,Luttre
11488,6240,Farciennes
2098,6240,Pironchamps
10906,6250,Aiseau
6691,6250,Aiseau-Presles
9041,6250,Pont-De-Loup
5053,6250,Presles
2224,6250,Roselies
1548,6280,Acoz
11977,6280,Gerpinnes
679,6280,Gougnies
4247,6280,Joncret
5603,6280,Loverval
2253,6280,Villers-Poterie
8648,6440,Boussu-Lez-Walcourt
5859,6440,Fourbechies
354,6440,Froidchapelle
7442,6440,Vergnies
4487,6441,Erpion
9411,6460,Bailièvre
9720,6460,Chimay
7259,6460,Robechies
1487,6460,Saint-Remy
8063,6460,Salles
5903,6460,Villers-La-Tour
4820,6461,Virelles
9785,6462,Vaulx-Lez-Chimay
453,6463,Lompret
7411,6464,Baileux
2459,6464,Bourlers
4084,6464,Forges
6839,6464,L'escaillère
9161,6464,Rièzes
5998,6470,Grandrieu
1866,6470,Montbliart
6484,6470,Rance
7127,6470,Sautin
8812,6470,Sivry
8696,6470,Sivry-Rance
9690,6500,BarbenÃ§on
483,6500,Beaumont
9573,6500,Leugnies
5631,6500,Leval-Chaudeville
1949,6500,Renlies
4987,6500,Solre-Saint-Géry
3519,6500,Thirimont
3031,6511,Strée
9102,6530,Leers-Et-Fosteau
14682,6530,Thuin
8316,6531,Biesme-Sous-Thuin
4211,6532,Ragnies
9423,6533,Biercée
7470,6534,Gozée
4028,6536,Donstiennes
7179,6536,Thuillies
1095,6540,Lobbes
1980,6540,Mont-Sainte-Geneviève
1467,6542,Sars-La-Buissière
7335,6543,Bienne-Lez-Happart
7152,6560,Bersillies-L'abbaye
9396,6560,Erquelinnes
2043,6560,Grand-Reng
3489,6560,Hantes-Wihéries
6199,6560,Montignies-Saint-Christophe
9065,6560,Solre-Sur-Sambre
7409,6567,Fontaine-Valmont
4267,6567,Labuissière
7992,6567,Merbes-Le-Château
3148,6567,Merbes-Sainte-Marie
7368,6590,Momignies
1275,6591,Macon
7295,6592,Monceau-Imbrechies
4282,6593,Macquenoise
4171,6594,Beauwelz
6936,6596,Forge-Philippe
9459,6596,Seloignes
14395,6600,Bastogne
7157,6600,Longvilly
7014,6600,Noville
7089,6600,Villers-La-Bonne-Eau
4198,6600,Wardin
3646,6630,Martelange
2411,6637,Fauvillers
8985,6637,Hollange
9161,6637,Tintange
4404,6640,Hompré
6320,6640,Morhet
5595,6640,Nives
3135,6640,Sibret
4886,6640,Vaux-Lez-Rosières
3176,6640,Vaux-Sur-Sûre
3268,6642,Juseret
5829,6660,Houffalize
773,6660,Nadrin
7403,6661,Mont
213,6661,Tailles
5273,6662,Tavigny
8046,6663,Mabompré
3214,6666,Wibrin
1326,6670,Gouvy
5695,6670,Limerlé
8868,6671,Bovigny
5314,6672,Beho
392,6673,Cherain
9283,6674,Montleban
5861,6680,Amberloup
878,6680,Sainte-Ode
3233,6680,Tillet
1081,6681,Lavacherie
7444,6686,Flamierge
3698,6687,Bertogne
4562,6688,Longchamps
8526,6690,Bihain
7291,6690,Vielsalm
5079,6692,Petit-Thier
122,6698,Grand-Halleux
26179,6700,Arlon
7470,6700,Bonnert
8779,6700,Heinsch
4933,6700,Toernich
9673,6704,Guirsch
5450,6706,Autelbas
6760,6717,Attert
7086,6717,Nobressart
6748,6717,Nothomb
2377,6717,Thiaumont
5904,6717,Tontelange
8494,6720,Habay
3704,6720,Habay-La-Neuve
3912,6720,Hachy
1696,6721,Anlier
7704,6723,Habay-La-Vieille
4033,6724,Houdemont
1026,6724,Rulles
8137,6730,Bellefontaine
3453,6730,Rossignol
1301,6730,Saint-Vincent
6245,6730,Tintigny
4286,6740,Etalle
6778,6740,Sainte-Marie-Sur-Semois
3904,6740,Villers-Sur-Semois
8318,6741,Vance
5467,6742,Chantemelle
1912,6743,Buzenol
8021,6747,Châtillon
1519,6747,Meix-Le-Tige
6899,6747,Saint-Léger
947,6750,Musson
3973,6750,Mussy-La-Ville
5897,6750,Signeulx
5518,6760,Bleid
2034,6760,Ethe
9548,6760,Ruette
11259,6760,Virton
260,6761,Latour
8411,6762,Saint-Mard
8550,6767,Dampicourt
8619,6767,Harnoncourt
3588,6767,Lamorteau
4478,6767,Rouvroy
6040,6767,Torgny
4604,6769,Gérouville
2907,6769,Meix-Devant-Virton
1191,6769,Robelmont
9709,6769,Sommethonne
860,6769,Villers-La-Loue
4030,6780,Hondelange
7144,6780,Messancy
6331,6780,Wolkrange
6692,6781,Sélange
7516,6782,Habergy
14932,6790,Aubange
5264,6791,Athus
6666,6792,Halanzy
5771,6792,Rachecourt
3128,6800,Bras
4094,6800,Freux
4169,6800,Libramont-Chevigny
6052,6800,Moircy
4268,6800,Recogne
3597,6800,Remagne
6047,6800,Saint-Pierre
8637,6800,Sainte-Marie-Chevigny
5400,6810,Chiny
5717,6810,Izel
1638,6810,Jamoigne
6807,6811,Les Bulles
8452,6812,Suxy
1536,6813,Termes
660,6820,Florenville
6978,6820,Fontenoille
8860,6820,Muno
7262,6820,Sainte-Cécile
2706,6821,Lacuisine
5624,6823,Villers-Devant-Orval
8580,6824,Chassepierre
1094,6830,Bouillon
5021,6830,Les Hayons
4366,6830,Poupehan
6129,6830,Rochehaut
1892,6831,Noirfontaine
3629,6832,Sensenruth
9983,6833,Ucimont
1907,6833,Vivy
2388,6834,Bellevaux
8584,6836,Dohan
8298,6838,Corbion
9175,6840,Grandvoir
6182,6840,Grapfontaine
9986,6840,Hamipré
3322,6840,Longlier
9310,6840,Neufchâteau
4432,6840,Tournay
8842,6850,Carlsbourg
339,6850,Offagne
5405,6850,Paliseul
1698,6851,Nollevaux
3181,6852,Maissin
6151,6852,Opont
9411,6853,Framont
589,6856,Fays-Les-Veneurs
2663,6860,Assenois
6341,6860,Ebly
5278,6860,Léglise
5415,6860,Mellier
8228,6860,Witry
5375,6870,Arville
9125,6870,Awenne
5893,6870,Hatrival
3142,6870,Mirwart
9653,6870,Saint-Hubert
2494,6870,Vesqueville
3638,6880,Auby-Sur-Semois
8063,6880,Bertrix
2032,6880,Cugnon
1257,6880,Jehonville
7469,6880,Orgeo
509,6887,Herbeumont
1640,6887,Saint-Médard
6785,6887,Straimont
8802,6890,Anloy
5506,6890,Libin
8260,6890,Ochamps
9952,6890,Redu
2355,6890,Smuid
2884,6890,Transinne
8085,6890,Villance
6779,6900,Aye
8669,6900,Hargimont
2772,6900,Humain
16856,6900,Marche-En-Famenne
7059,6900,On
2175,6900,Roy
1396,6900,Waha
4164,6920,Sohier
9922,6920,Wellin
967,6921,Chanly
7356,6922,Halma
1163,6924,Lomprez
4815,6927,Bure
1882,6927,Grupont
5083,6927,Resteigne
9148,6927,Tellin
6057,6929,Daverdisse
3497,6929,Gembes
205,6929,Haut-Fays
7625,6929,Porcheresse
10251,6940,Durbuy
5578,6940,Grandhan
9570,6940,Septon
231,6940,Wéris
4457,6941,Bende
2886,6941,Bomal-Sur-Ourthe
5339,6941,Borlon
8646,6941,Heyd
4810,6941,Izier
283,6941,Tohogne
4688,6941,Villers-Sainte-Gertrude
7035,6950,Harsin
6462,6950,Nassogne
2286,6951,Bande
6625,6952,Grune
4350,6953,Ambly
2718,6953,Forrières
4841,6953,Lesterny
3376,6953,Masbourg
5554,6960,Dochamps
3341,6960,Grandmenil
4230,6960,Harre
6288,6960,Malempré
5375,6960,Manhay
9998,6960,Odeigne
5583,6960,Vaux-Chavanne
5017,6970,Tenneville
2612,6971,Champlon
6299,6972,Erneuville
2037,6980,Beausaint
5702,6980,La Roche-En-Ardenne
3627,6982,Samrée
9328,6983,Ortho
2324,6984,Hives
2260,6986,Halleux
2531,6987,Beffe
4001,6987,Hodister
5244,6987,Marcourt
6764,6987,Rendeux
7633,6990,Fronville
3257,6990,Hampteau
6923,6990,Hotton
2279,6990,Marenne
7768,6997,Amonines
6277,6997,Erezée
3049,6997,Mormont
4218,6997,Soy
91277,7000,Mons
6423,7011,Ghlin
3091,7012,Flénu
1141,7012,Jemappes
4931,7020,Maisières
3706,7020,Nimy
6390,7021,Havre
491,7022,Harmignies
8792,7022,Harveng
3285,7022,Hyon
6289,7022,Mesvin
1185,7022,Nouvelles
9075,7024,Ciply
3482,7030,Saint-Symphorien
5792,7031,Villers-Saint-Ghislain
530,7032,Spiennes
7546,7033,Cuesmes
3764,7034,Obourg
6356,7034,Saint-Denis
5944,7040,Asquillies
8691,7040,Aulnois
787,7040,Blaregnies
5049,7040,Bougnies
7243,7040,Genly
2369,7040,Goegnies-Chaussée
7711,7040,Quévy
8473,7040,Quévy-Le-Grand
6251,7040,Quévy-Le-Petit
9927,7041,Givry
3728,7041,Havay
236,7050,Erbaut
3234,7050,Erbisoeul
2777,7050,Herchies
9483,7050,Jurbise
6916,7050,Masnuy-Saint-Jean
3323,7050,Masnuy-Saint-Pierre
829,7060,Horrues
24869,7060,Soignies
5373,7061,Casteau
2737,7061,Thieusies
1646,7062,Naast
3719,7063,Chaussée-Notre-Dame-Louvignies
2530,7063,Neufvilles
5308,7070,Gottignies
4400,7070,Le Roeulx
2182,7070,Mignault
526,7070,Thieu
457,7070,Ville-Sur-Haine
1439,7080,Eugies
20598,7080,Frameries
4307,7080,La Bouverie
3603,7080,Noirchain
3660,7080,Sars-La-Bruyère
20133,7090,Braine-Le-Comte
5221,7090,Hennuyères
494,7090,Henripont
339,7090,Petit-Roeulx-Lez-Braine
3442,7090,Ronquières
2480,7090,Steenkerque
9536,7100,Haine-Saint-Paul
7071,7100,Haine-Saint-Pierre
1830,7100,La Louvière
5744,7100,Saint-Vaast
6271,7100,Trivières
2786,7110,Boussoit
8934,7110,Houdeng-Aimeries
5981,7110,Houdeng-Goegnies
419,7110,Maurage
9825,7110,Strépy-Bracquegnies
6339,7120,Croix-Lez-Rouveroy
8951,7120,Estinnes
7093,7120,Estinnes-Au-Mont
7573,7120,Estinnes-Au-Val
5930,7120,Fauroeulx
3644,7120,Haulchin
733,7120,Peissant
7867,7120,Rouveroy
9004,7120,Vellereille-Le-Sec
2330,7120,Vellereille-Les-Brayeux
1729,7130,Battignies
32030,7130,Binche
1219,7130,Bray
6887,7131,Waudrez
6905,7133,Buvrinnes
1763,7134,Epinois
1041,7134,Leval-Trahegnies
436,7134,Péronnes-Lez-Binche
7173,7134,Ressaix
8451,7140,Morlanwelz
18233,7140,Morlanwelz-Mariemont
6046,7141,Carnières
8303,7141,Mont-Sainte-Aldegonde
14353,7160,Chapelle-Lez-Herlaimont
8576,7160,Godarville
2198,7160,Piéton
6582,7170,Bellecourt
715,7170,Bois-D'haine
4187,7170,Fayt-Lez-Manage
3718,7170,La Hestre
22196,7170,Manage
11025,7180,Seneffe
2920,7181,Arquennes
1663,7181,Familleureux
308,7181,Feluy
5013,7181,Petit-Roeulx-Lez-Nivelles
2781,7190,Ecaussinnes
9802,7190,Ecaussinnes-D'enghien
2796,7190,Marche-Lez-Ecaussinnes
6565,7191,Ecaussinnes-Lalaing
20058,7300,Boussu
6804,7301,Hornu
11588,7320,Bernissart
724,7321,Blaton
9433,7321,Harchies
4044,7322,Pommeroeul
2782,7322,Ville-Pommeroeul
22500,7330,Saint-Ghislain
8574,7331,Baudour
1412,7332,Neufmaison
2046,7332,Sirault
4566,7333,Tertre
1381,7334,Hautrage
7356,7334,Villerot
19964,7340,Colfontaine
8942,7340,Paturages
1828,7340,Warquignies
9401,7340,Wasmes
1604,7350,Hainin
7164,7350,Hensies
4838,7350,Montroeul-Sur-Haine
6881,7350,Thulin
6265,7370,Blaugies
16861,7370,Dour
2379,7370,Elouges
1264,7370,Wihéries
3693,7380,Baisieux
2233,7380,Quiévrain
7816,7382,Audregnies
4040,7387,Angre
4766,7387,Angreau
3604,7387,Athis
7847,7387,Autreppe
4999,7387,Erquennes
3827,7387,Fayt-Le-Franc
2006,7387,Honnelles
1495,7387,Marchipont
9123,7387,Montignies-Sur-Roc
6512,7387,Onnezies
7934,7387,Roisin
18491,7390,Quaregnon
9465,7390,Wasmuel
2444,7500,Ere
4953,7500,Saint-Maur
67721,7500,Tournai
3797,7501,Orcq
9656,7502,Esplechin
3026,7503,Froyennes
1484,7504,Froidmont
3270,7506,Willemeau
6889,7520,Ramegnies-Chin
6363,7520,Templeuve
6668,7521,Chercq
5743,7522,Blandain
9060,7522,Hertain
6544,7522,Lamain
2538,7522,Marquain
8255,7530,Gaurain-Ramecroix
7625,7531,Havinnes
2787,7532,Beclers
7719,7533,Thimougies
2615,7534,Barry
2170,7534,Maulde
8969,7536,Vaulx
1481,7538,Vezon
2087,7540,Kain
3411,7540,Melles
1731,7540,Quartes
5689,7540,Rumillies
8233,7542,Mont-Saint-Aubert
4419,7543,Mourcourt
4610,7548,Warchin
7562,7600,Péruwelz
2210,7601,Roucourt
7483,7602,Bury
6012,7603,Bon-Secours
6229,7604,Baugnies
2916,7604,Braffe
8161,7604,Brasmenil
9791,7604,Callenelle
1906,7604,Wasmes-Audemez-Briffoeil
2594,7608,Wiers
63,7610,Rumes
8960,7611,La Glanerie
8442,7618,Taintignies
3699,7620,Bléharies
7141,7620,Brunehaut
6383,7620,Guignies
6914,7620,Hollain
9186,7620,Jollain-Merlin
4892,7620,Wez-Velvain
7409,7621,Lesdain
1518,7622,Laplaigne
9679,7623,Rongy
1404,7624,Howardries
7507,7640,Antoing
1556,7640,Maubray
5851,7640,Péronnes-Lez-Antoing
9478,7641,Bruyelle
8738,7642,Calonne
4925,7643,Fontenoy
9705,7700,Luingne
52069,7700,Mouscron
2125,7711,Dottignies
660,7712,Herseaux
9652,7730,Bailleul
7198,7730,Estaimbourg
9340,7730,Estaimpuis
9933,7730,Evregnies
8251,7730,Leers-Nord
1553,7730,Néchin
3411,7730,Saint-Léger
81,7740,Pecq
5561,7740,Warcoing
7069,7742,Hérinnes-Lez-Pecq
9437,7743,Esquelmes
3470,7743,Obigies
162,7750,Amougies
823,7750,Anseroeul
3844,7750,Mont-De-L'enclus
3763,7750,Orroir
9534,7750,Russeignies
1101,7760,Celles
1432,7760,Escanaffles
4832,7760,Molenbaix
9574,7760,Popuelles
3169,7760,Pottes
7490,7760,Velaines
9660,7780,Comines
6053,7780,Comines-Warneton
9223,7781,Houthem
134,7782,Ploegsteert
4522,7783,Bizet
6364,7784,Bas-Warneton
8801,7784,Warneton
26681,7800,Ath
1028,7800,Lanquesaint
5519,7801,Irchonwelz
4586,7802,Ormeignies
3855,7803,Bouvignies
2483,7804,Ostiches
7857,7804,Rebaix
3490,7810,Maffle
1361,7811,Arbre
1329,7812,Houtaing
9259,7812,Ligne
498,7812,Mainvault
1512,7812,Moulbaix
5874,7812,Villers-Notre-Dame
3852,7812,Villers-Saint-Amand
9357,7822,Ghislenghien
2358,7822,Isières
7911,7822,Meslin-L'evêque
5772,7823,Gibecq
4981,7830,Bassilly
1667,7830,Fouleng
5152,7830,Gondregnies
2211,7830,Graty
2825,7830,Hellebecq
3400,7830,Hoves
7887,7830,Silly
5890,7830,Thoricourt
11367,7850,Enghien
3069,7850,Marcq
4859,7850,Petit-Enghien
17687,7860,Lessines
7226,7861,Papignies
3491,7861,Wannebecq
947,7862,Ogy
1995,7863,Ghoy
8141,7864,Deux-Acren
1772,7866,Bois-De-Lessines
3575,7866,Ollignies
7150,7870,Bauffe
6866,7870,Cambron-Saint-Vincent
6065,7870,Lens
6830,7870,Lombise
3969,7870,Montignies-Lez-Lens
2073,7880,Flobecq
4736,7890,Ellezelles
677,7890,Lahamaide
9206,7890,Wodecq
3046,7900,Grandmetz
9158,7900,Leuze-En-Hainaut
2958,7901,Thieulain
3957,7903,Blicquy
3321,7903,Chapelle-à-Oie
428,7903,Chapelle-à-Wattines
5830,7904,Pipaix
673,7904,Tourpes
3299,7904,Willaupuis
7298,7906,Gallaix
5509,7910,Anvaing
5469,7910,Arc-Wattripont
4158,7910,Cordes
5049,7910,Ellignies-Lez-Frasnes
2591,7910,Forest
5176,7910,Frasnes-Lez-Anvaing
7111,7910,Wattripont
2902,7911,Buissenal
10936,7911,Frasnes-Lez-Buissenal
5554,7911,Hacquegnies
5625,7911,Herquegies
1494,7911,Montroeul-Au-Bois
1843,7911,Moustier
5941,7911,Oeudeghien
7415,7912,Dergneau
4521,7912,Saint-Sauveur
6110,7940,Brugelette
7873,7940,Cambron-Casteau
8481,7941,Attre
4041,7942,Mévergnies-Lez-Lens
5464,7943,Gages
5097,7950,Chièvres
4622,7950,Grosage
7108,7950,Huissignies
2115,7950,Ladeuze
2226,7950,Tongre-Saint-Martin
6923,7951,Tongre-Notre-Dame
13405,7970,Beloeil
6896,7971,Basècles
1340,7971,Ramegnies
8760,7971,Thumaide
7500,7971,Wadelincourt
5935,7972,Aubechies
2451,7972,Quevaucamps
9823,7973,Grandglise
2531,7973,Stambruges
116709,8000,Brugge
6907,8000,Koolkerke
5231,8020,Hertsberge
21489,8020,Oostkamp
7128,8020,Ruddervoorde
1224,8020,Waardamme
6830,8200,Sint-Andries
2877,8200,Sint-Michiels
3369,8210,Loppem
806,8210,Veldegem
21968,8210,Zedelgem
4734,8211,Aartrijke
4861,8300,Knokke
33781,8300,Knokke-Heist
5454,8300,Westkapelle
3414,8301,Ramskapelle
3530,8310,Assebroek
16000,8310,Sint-Kruis
10924,8340,Damme
9422,8340,Hoeke
9000,8340,Lapscheure
3112,8340,Moerkerke
94,8340,Oostkerke
167,8340,Sijsele
18230,8370,Blankenberge
5619,8370,Uitkerke
7123,8377,Houtave
5422,8377,Meetkerke
1480,8377,Nieuwmunster
7038,8377,Zuienkerke
9586,8380,Dudzele
6392,8380,Lissewege
5940,8380,Zeebrugge
7596,8400,Oostende
1042,8400,Stene
8280,8400,Zandvoorde
11766,8420,De Haan
5244,8420,Klemskerke
2119,8420,Wenduine
7940,8421,Vlissegem
17789,8430,Middelkerke
885,8431,Wilskerke
9703,8432,Leffinge
4556,8433,Mannekensvere
7008,8433,Schore
3182,8433,Sint-Pieters-Kapelle
7799,8433,Slijpe
5549,8434,Lombardsijde
4006,8434,Westende
14862,8450,Bredene
331,8460,Ettelgem
8752,8460,Oudenburg
3087,8460,Roksem
8072,8460,Westkerke
11084,8470,Gistel
3033,8470,Moere
2241,8470,Snaaskerke
7740,8470,Zevekote
5488,8480,Bekegem
5888,8480,Eernegem
13582,8480,Ichtegem
13488,8490,Jabbeke
8170,8490,Snellegem
3994,8490,Stalhille
1952,8490,Varsenare
1095,8490,Zerkegem
73879,8500,Kortrijk
2664,8501,Bissegem
3674,8501,Heule
6497,8510,Bellegem
6965,8510,Kooigem
3781,8510,Marke
2372,8510,Rollegem
465,8511,Aalbeke
12638,8520,Kuurne
25978,8530,Harelbeke
994,8531,Bavikhove
3136,8531,Hulste
11292,8540,Deerlijk
23358,8550,Zwevegem
6165,8551,Heestert
6958,8552,Moen
8722,8553,Otegem
1703,8554,Sint-Denijs
5613,8560,Gullegem
417,8560,Moorsele
30954,8560,Wevelgem
13920,8570,Anzegem
7972,8570,Gijzelbrechtegem
4166,8570,Ingooigem
6759,8570,Vichte
5041,8572,Kaster
3428,8573,Tiegem
9106,8580,Avelgem
6260,8581,Kerkhove
6696,8581,Waarmaarde
5748,8582,Outrijve
5955,8583,Bossuit
1899,8587,Espierres
246,8587,Espierres-Helchin
5094,8587,Helchin
772,8600,Beerst
15515,8600,Diksmuide
5590,8600,Driekapellen
2023,8600,Esen
8707,8600,Kaaskerke
7860,8600,Keiem
4220,8600,Lampernisse
2374,8600,Leke
4490,8600,Nieuwkapelle
1226,8600,Oostkerke
7120,8600,Oudekapelle
8022,8600,Pervijze
6987,8600,Stuivekenskerke
9275,8600,Vladslo
4083,8600,Woumen
1031,8610,Handzame
11937,8610,Kortemark
8680,8610,Werken
8514,8610,Zarren
10845,8620,Nieuwpoort
3211,8620,Ramskapelle
1993,8620,Sint-Joris
6225,8630,Avekapelle
5908,8630,Booitshoeke
2201,8630,Bulskamp
9256,8630,De Moeren
7469,8630,Eggewaartskapelle
9007,8630,Houtem
1670,8630,Steenkerke
11983,8630,Veurne
9704,8630,Vinkem
1538,8630,Wulveringem
3343,8630,Zoutenaaie
2611,8640,Oostvleteren
5295,8640,Vleteren
7293,8640,Westvleteren
3520,8640,Woesten
6765,8647,Lo
1368,8647,Lo-Reninge
1170,8647,Noordschote
456,8647,Pollinkhove
1659,8647,Reninge
8951,8650,Houthulst
5215,8650,Klerken
7406,8650,Merkem
9908,8660,Adinkerke
9799,8660,De Panne
21027,8670,Koksijde
8534,8670,Oostduinkerke
5112,8670,Wulpen
2207,8680,Bovekerke
8317,8680,Koekelare
816,8680,Zande
9594,8690,Alveringem
5858,8690,Hoogstade
4973,8690,Oeren
2024,8690,Sint-Rijkers
1282,8691,Gijverinkhove
818,8691,Izenberge
5290,8691,Leisele
1681,8691,Stavele
1549,8700,Aarsele
3768,8700,Kanegem
7926,8700,Schuiferskapelle
19299,8700,Tielt
1707,8710,Ooigem
6610,8710,Sint-Baafs-Vijve
8828,8710,Wielsbeke
8038,8720,Dentergem
3688,8720,Markegem
1919,8720,Oeselgem
8720,8720,Wakken
14512,8730,Beernem
1416,8730,Oedelem
6788,8730,Sint-Joris
3956,8740,Egem
5290,8740,Pittem
12887,8750,Wingene
6215,8750,Zwevezele
4305,8755,Ruiselede
10948,8760,Meulebeke
10603,8770,Ingelmunster
7489,8780,Oostrozebeke
35896,8790,Waregem
45179,8791,Beveren
1643,8792,Desselgem
9682,8793,Sint-Eloois-Vijve
45179,8800,Beveren
9361,8800,Oekene
56016,8800,Roeselare
7779,8800,Rumbeke
8169,8810,Lichtervelde
18933,8820,Torhout
3906,8830,Gits
9900,8830,Hooglede
1561,8840,Oostnieuwkerke
10786,8840,Staden
6262,8840,Westrozebeke
9161,8850,Ardooie
8328,8851,Koolskamp
721,8860,Lendelede
7739,8870,Emelgem
26382,8870,Izegem
1744,8870,Kachtem
9102,8880,Ledegem
5393,8880,Rollegem-Kapelle
2944,8880,Sint-Eloois-Winkel
629,8890,Dadizele
10720,8890,Moorslede
9767,8900,Brielen
9245,8900,Dikkebus
35089,8900,Ieper
6016,8900,Sint-Jan
4594,8902,Hollebeke
736,8902,Voormezele
3160,8902,Zillebeke
5404,8904,Boezinge
5690,8904,Zuidschote
217,8906,Elverdinge
1045,8908,Vlamertinge
9415,8920,Bikschote
867,8920,Langemark
6071,8920,Langemark-Poelkapelle
625,8920,Poelkapelle
7248,8930,Lauwe
31916,8930,Menen
775,8930,Rekkem
4114,8940,Geluwe
17340,8940,Wervik
1835,8950,Heuvelland
8615,8950,Nieuwkerke
9906,8951,Dranouter
5732,8952,Wulvergem
1915,8953,Wijtschate
8413,8954,Westouter
761,8956,Kemmel
7054,8957,Messines
4575,8958,Loker
19537,8970,Poperinge
6935,8970,Reningelst
3509,8972,Krombeke
7441,8972,Proven
9692,8972,Roesbrugge-Haringe
5163,8978,Watou
1201,8980,Beselare
5598,8980,Geluveld
7173,8980,Passendale
2004,8980,Zandvoorde
11581,8980,Zonnebeke
231493,9000,Gent
308,9030,Mariakerke
7691,9031,Drongen
9742,9032,Wondelgem
1436,9040,Sint-Amandsberg
1241,9041,Oostakker
2032,9042,Desteldonk
9120,9042,Mendonk
8384,9042,Sint-Kruis-Winkel
761,9050,Gentbrugge
8454,9050,Ledeberg
9258,9051,Afsnee
8003,9051,Sint-Denijs-Westrem
7606,9052,Zwijnaarde
11901,9060,Zelzate
16853,9070,Destelbergen
31017,9070,Heusden
864,9080,Beervelde
19696,9080,Lochristi
9704,9080,Zaffelare
1182,9080,Zeveneken
253,9090,Gontrode
10687,9090,Melle
9389,9100,Nieuwkerken-Waas
69010,9100,Sint-Niklaas
3336,9111,Belsele
3742,9112,Sinaai-Waas
4831,9120,Haasdonk
6839,9120,Kallo
5101,9120,Melsele
9070,9120,Vrasene
9715,9130,Doel
5341,9130,Kallo
8853,9130,Kieldrecht
299,9130,Verrebroek
9826,9140,Elversele
5760,9140,Steendorp
26054,9140,Temse
56,9140,Tielrode
8784,9150,Bazel
14815,9150,Kruibeke
248,9150,Rupelmonde
9381,9160,Daknam
3748,9160,Eksaarde
37567,9160,Lokeren
305,9170,De Klinge
9368,9170,Meerdonk
17658,9170,Sint-Gillis-Waas
4074,9170,Sint-Pauwels
1287,9180,Moerbeke-Waas
6911,9185,Wachtebeke
6105,9190,Kemzeke
16989,9190,Stekene
4404,9200,Appels
8925,9200,Baasrode
43055,9200,Dendermonde
5900,9200,Grembergen
2106,9200,Mespelare
8446,9200,Oudegem
1383,9200,Schoonaarde
70,9200,Sint-Gillis-Dendermonde
22891,9220,Hamme
4121,9220,Moerzeke
3651,9230,Massemen
3323,9230,Westrem
22930,9230,Wetteren
20236,9240,Zele
10460,9250,Waasmunster
13510,9255,Buggenhout
9462,9255,Opdorp
4384,9260,Schellebelle
8861,9260,Serskamp
11014,9260,Wichelen
5423,9270,Kalken
11600,9270,Laarne
2027,9280,Denderbelle
17372,9280,Lebbeke
7116,9280,Wieze
13853,9290,Berlare
5119,9290,Overmere
5271,9290,Uitbergen
77534,9300,Aalst
2072,9308,Gijzegem
6986,9308,Hofstade
1888,9310,Baardegem
7872,9310,Herdersem
3251,9310,Meldert
1879,9310,Moorsel
731,9320,Erembodegem
2533,9320,Nieuwerkerken
5651,9340,Impe
16813,9340,Lede
1598,9340,Oordegem
1580,9340,Smetlede
7912,9340,Wanzele
8598,9400,Appelterre-Eichem
47,9400,Denderwindeke
7407,9400,Lieferinge
2203,9400,Nederhasselt
34795,9400,Ninove
8200,9400,Okegem
5528,9400,Voorde
2187,9401,Pollare
4718,9402,Meerbeke
2127,9403,Neigem
3916,9404,Aspelare
6998,9406,Outer
7065,9420,Aaigem
5074,9420,Bambrugge
9684,9420,Burst
896,9420,Erondegem
8697,9420,Erpe
48,9420,Erpe-Mere
3034,9420,Mere
3699,9420,Ottergem
2337,9450,Denderhoutem
17129,9450,Haaltert
2789,9450,Heldergem
7515,9451,Kerksken
16969,9470,Denderleeuw
782,9472,Iddergem
9123,9473,Welle
30807,9500,Geraardsbergen
9961,9500,Goeferdinge
4749,9500,Moerbeke
2362,9500,Nederboelare
1970,9500,Onkerzele
4301,9500,Ophasselt
3984,9500,Overboelare
2732,9500,Viane
9852,9500,Zarlardinge
8105,9506,Grimminge
760,9506,Idegem
8671,9506,Nieuwenhove
7995,9506,Schendelbeke
2280,9506,Smeerebbe-Vloerzegem
2406,9506,Waarbeke
2322,9506,Zandbergen
9140,9520,Bavegem
5902,9520,Oombergen
9146,9520,Sint-Lievens-Houtem
8459,9520,Vlierzele
531,9520,Zonnegem
386,9521,Letterhoutem
16523,9550,Herzele
9270,9550,Hillegem
3593,9550,Sint-Antelinks
478,9550,Sint-Lievens-Esse
5134,9550,Steenhuize-Wijnhuize
9390,9550,Woubrechtegem
765,9551,Ressegem
5273,9552,Borsbeke
3637,9570,Deftinge
3819,9570,Lierde
8641,9570,Sint-Maria-Lierde
9497,9571,Hemelveerdegem
5122,9572,Sint-Martens-Lierde
412,9600,Renaix
6694,9620,Elene
6629,9620,Erwetegem
118,9620,Godveerdegem
4529,9620,Grotenberge
8227,9620,Leeuwergem
5198,9620,Oombergen
2729,9620,Sint-Goriks-Oudenhove
9963,9620,Sint-Maria-Oudenhove
8211,9620,Strijpen
1572,9620,Velzeke-Ruddershove
24434,9620,Zottegem
6439,9630,Beerlegem
9638,9630,Dikkele
9922,9630,Hundelgem
6676,9630,Meilegem
4836,9630,Munkzwalm
5470,9630,Paulatem
8518,9630,Roborst
8726,9630,Rozebeke
8516,9630,Sint-Blasius-Boekel
1323,9630,Sint-Denijs-Boekel
5149,9630,Sint-Maria-Latem
2897,9630,Zwalm
3555,9636,Nederzwalm-Hermelgem
8206,9660,Brakel
3796,9660,Elst
4031,9660,Everbeek
9019,9660,Michelbeke
9290,9660,Nederbrakel
9757,9660,Opbrakel
6368,9660,Sint-Maria-Oudenhove
6110,9660,Zegelsem
7431,9661,Parike
1992,9667,Horebeke
1440,9667,Sint-Kornelis-Horebeke
5297,9667,Sint-Maria-Horebeke
8428,9680,Etikhove
611,9680,Maarke-Kerkem
9967,9680,Maarkedal
494,9681,Nukerke
6315,9688,Schorisse
9978,9690,Berchem
8902,9690,Kluisbergen
8571,9690,Kwaremont
3459,9690,Ruien
9295,9690,Zulzeke
8340,9700,Bevere
21,9700,Edelare
1233,9700,Eine
1950,9700,Ename
9493,9700,Heurne
956,9700,Leupegem
3083,9700,Mater
605,9700,Melden
8369,9700,Mullem
4767,9700,Nederename
3100,9700,Ooike
27935,9700,Oudenaarde
7219,9700,Volkegem
5837,9700,Welden
2388,9750,Huise
346,9750,Ouwegem
957,9750,Zingem
8179,9770,Kruishoutem
2478,9771,Nokere
9397,9772,Wannegem-Lede
1931,9790,Elsegem
6458,9790,Moregem
2824,9790,Ooike
7271,9790,Petegem-Aan-De-Schelde
9112,9790,Wortegem
9731,9790,Wortegem-Petegem
8370,9800,Astene
5552,9800,Bachte-Maria-Leerne
29815,9800,Deinze
9721,9800,Gottem
1208,9800,Grammene
7326,9800,Meigem
2406,9800,Petegem-Aan-De-Leie
7255,9800,Sint-Martens-Leerne
3586,9800,Vinkt
9768,9800,Wontergem
3309,9800,Zeveren
5740,9810,Eke
10890,9810,Nazareth
4421,9820,Bottelare
1249,9820,Lemberge
6482,9820,Melsen
22047,9820,Merelbeke
4315,9820,Munte
2376,9820,Schelderode
8303,9830,Sint-Martens-Latem
2481,9831,Deurle
10020,9840,De Pinte
9166,9840,Zevergem
9285,9850,Hansbeke
6132,9850,Landegem
2257,9850,Merendree
11153,9850,Nevele
6623,9850,Poesele
713,9850,Vosselare
3193,9860,Balegem
7529,9860,Gijzenzele
4962,9860,Landskouter
3149,9860,Moortsele
13151,9860,Oosterzele
8849,9860,Scheldewindeke
12252,9870,Machelen
2735,9870,Olsene
14670,9870,Zulte
18802,9880,Aalter
4589,9880,Lotenhulle
8918,9880,Poeke
7118,9881,Bellem
4350,9890,Baaigem
7402,9890,Dikkelvenne
11888,9890,Gavere
7565,9890,Vurste
19116,9900,Eeklo
7889,9910,Knesselare
2636,9910,Ursel
9272,9920,Lovendegem
8079,9921,Vinderhoute
8158,9930,Zomergem
7267,9931,Oostwinkel
812,9932,Ronsele
9029,9940,Ertvelde
31615,9940,Evergem
6206,9940,Kluizen
4390,9940,Sleidinge
7762,9950,Waarschoot
13495,9960,Assenede
1631,9961,Boekhoute
7052,9968,Bassevelde
6673,9968,Oosteeklo
7008,9970,Kaprijke
7422,9971,Lembeke
3759,9980,Sint-Laureins
8607,9981,Sint-Margriete
949,9982,Sint-Jan-In-Eremo
210,9988,Waterland-Oudeman
8425,9988,Watervliet
22092,9990,Maldegem
5162,9991,Adegem
6835,9992,Middelburg
